mutation,gene,rank,emergence_score,n_carriers,n_phenotyped,resistant,susceptible,phenotype_nas,resistance_frac,drug,category,is_known_who
M306T,embB,1,0.5088,3,3,1,2,0,0.3333333333333333,EMB,B,False
A90T,gyrA,2,0.5056,0,0,0,0,0,,MXF,C,False
S94L,inhA,3,0.5028,0,0,0,0,0,,INH,C,False
H445Y,rpoB,4,0.5015,151,151,147,4,0,0.9735099337748344,RIF,A,True
D435G,rpoB,5,0.4993,61,61,55,6,0,0.9016393442622951,RIF,B,False
Q10R,pncA,6,0.49,155,0,0,0,155,,unknown,B,False
M306V,embB,7,0.4857,1230,922,834,88,308,0.9045553145336226,EMB,A,True
M306I,embB,8,0.485,1116,661,473,188,455,0.7155824508320726,EMB,A,True
S94P,inhA,9,0.4849,0,0,0,0,0,,INH,C,False
K88R,rpsL,10,0.4818,375,0,0,0,375,,unknown,A,True
D12G,pncA,11,0.4793,2,0,0,0,2,,unknown,A,True
K43R,rpsL,12,0.4761,2225,0,0,0,2225,,unknown,A,True
D435N,rpoB,13,0.4726,0,0,0,0,0,,RIF,C,False
S450L,rpoB,14,0.4718,3082,3027,2913,114,55,0.9623389494549058,RIF,A,True
S450P,rpoB,15,0.4709,0,0,0,0,0,,RIF,C,False
A90V,gyrA,16,0.467,534,533,316,217,1,0.5928705440900562,MXF,A,True
S315G,katG,17,0.4621,4,4,3,1,0,0.75,INH,B,False
K88E,rpsL,18,0.4515,0,0,0,0,0,,unknown,C,False
H445R,rpoB,19,0.4506,33,32,31,1,1,0.96875,RIF,B,False
I16T,inhA,20,0.4504,2,2,1,1,0,0.5,INH,B,False
S315N,katG,21,0.4462,73,73,70,3,0,0.958904109589041,INH,A,True
K43E,rpsL,22,0.4459,0,0,0,0,0,,unknown,C,False
G406D,embB,23,0.4411,112,68,34,34,44,0.5,EMB,A,True
Q497R,embB,24,0.4381,475,370,318,52,105,0.8594594594594595,EMB,A,True
D12N,pncA,25,0.4353,5,0,0,0,5,,unknown,B,False
V59I,eis,26,0.4265,1,1,0,1,0,0.0,KAN,B,False
I16V,inhA,27,0.4263,0,0,0,0,0,,INH,C,False
V125I,pncA,28,0.4253,0,0,0,0,0,,unknown,C,False
G88D,gyrA,29,0.4225,0,0,0,0,0,,MXF,C,False
G88S,gyrA,30,0.4181,0,0,0,0,0,,MXF,C,False
I194T,inhA,31,0.416,64,64,62,2,0,0.96875,INH,B,False
G406S,embB,32,0.4144,99,67,50,17,32,0.746268656716418,EMB,B,False
I21T,inhA,33,0.413,64,64,63,1,0,0.984375,INH,B,False
V59A,eis,34,0.4086,0,0,0,0,0,,KAN,C,False
V125A,pncA,35,0.4074,0,0,0,0,0,,unknown,C,False
I95T,inhA,36,0.4004,0,0,0,0,0,,INH,C,False
I491V,rpoB,37,0.3993,3,3,3,0,0,1.0,RIF,B,False
I491T,rpoB,38,0.3955,2,2,2,0,0,1.0,RIF,B,False
I194V,inhA,39,0.3938,0,0,0,0,0,,INH,C,False
I21V,inhA,40,0.391,16,15,13,2,1,0.8666666666666667,INH,B,False
P483S,rpoB,41,0.3902,1,1,1,0,0,1.0,RIF,B,False
L4S,pncA,42,0.3869,16,0,0,0,16,,unknown,A,True
M103T,inhA,43,0.3864,0,0,0,0,0,,INH,C,False
I95V,inhA,44,0.379,2,2,2,0,0,1.0,INH,B,False
V203I,inhA,45,0.3765,0,0,0,0,0,,INH,C,False
Q538R,gyrB,46,0.3754,1,1,0,1,0,0.0,MXF,B,False
V170I,rpoB,47,0.3746,0,0,0,0,0,,RIF,C,False
P99S,inhA,48,0.3743,0,0,0,0,0,,INH,C,False
M103V,inhA,49,0.3689,0,0,0,0,0,,INH,C,False
M103I,inhA,50,0.3683,0,0,0,0,0,,INH,C,False
V203A,inhA,51,0.3607,2,2,0,2,0,0.0,INH,B,False
L430P,rpoB,52,0.3598,125,125,49,76,0,0.392,RIF,A,True
P483L,rpoB,53,0.3523,1,1,1,0,0,1.0,RIF,B,False
S91P,gyrA,54,0.3502,105,104,69,35,1,0.6634615384615384,MXF,A,True
D12V,pncA,55,0.3463,0,0,0,0,0,,unknown,C,False
D94N,gyrA,56,0.3451,175,175,148,27,0,0.8457142857142858,MXF,A,True
P99L,inhA,57,0.3451,0,0,0,0,0,,INH,C,False
V170A,rpoB,58,0.3441,6,6,6,0,0,1.0,RIF,B,False
S91L,gyrA,59,0.3428,0,0,0,0,0,,MXF,C,False
D94G,gyrA,60,0.3374,863,854,697,157,9,0.8161592505854801,MXF,A,True
M306R,embB,61,0.3367,0,0,0,0,0,,EMB,C,False
D435V,rpoB,62,0.3338,546,534,506,28,12,0.947565543071161,RIF,A,True
V59D,eis,63,0.3338,0,0,0,0,0,,KAN,C,False
V125D,pncA,64,0.3328,0,0,0,0,0,,unknown,C,False
M306K,embB,65,0.3319,0,0,0,0,0,,EMB,C,False
K88M,rpsL,66,0.3303,13,0,0,0,13,,unknown,B,False
K43M,rpsL,67,0.326,0,0,0,0,0,,unknown,C,False
H445L,rpoB,68,0.3172,76,76,62,14,0,0.8157894736842105,RIF,B,False
L452P,rpoB,69,0.3159,129,129,80,49,0,0.6201550387596899,RIF,A,True
A90E,gyrA,70,0.3114,1,1,1,0,0,1.0,MXF,B,False
S94A,inhA,71,0.3053,46,46,41,5,0,0.8913043478260869,INH,B,False
Q10L,pncA,72,0.3053,0,0,0,0,0,,unknown,C,False
I16N,inhA,73,0.2991,0,0,0,0,0,,INH,C,False
A90S,gyrA,74,0.2983,0,0,0,0,0,,MXF,C,False
V203D,inhA,75,0.2944,0,0,0,0,0,,INH,C,False
S450A,rpoB,76,0.2847,1,1,1,0,0,1.0,RIF,B,False
D12A,pncA,77,0.2829,24,0,0,0,24,,unknown,B,False
Q10E,pncA,78,0.281,0,0,0,0,0,,unknown,C,False
K88Q,rpsL,79,0.2781,5,0,0,0,5,,unknown,B,False
Q10P,pncA,80,0.2774,50,0,0,0,50,,unknown,A,True
M306L,embB,81,0.2765,52,45,39,6,7,0.8666666666666667,EMB,A,True
I194N,inhA,83,0.2762,0,0,0,0,0,,INH,C,False
K88T,rpsL,85,0.2747,63,0,0,0,63,,unknown,B,False
K43Q,rpsL,84,0.2747,0,0,0,0,0,,unknown,C,False
S315I,katG,86,0.2742,7,7,7,0,0,1.0,INH,A,True
I21N,inhA,87,0.2741,0,0,0,0,0,,INH,C,False
L430R,rpoB,88,0.2737,11,11,9,2,0,0.8181818181818182,RIF,B,False
Q10K,pncA,89,0.2733,1,0,0,0,1,,unknown,B,False
Q497L,embB,90,0.2729,0,0,0,0,0,,EMB,C,False
D435A,rpoB,91,0.272,5,5,3,2,0,0.6,RIF,B,False
K43T,rpsL,92,0.2711,3,0,0,0,3,,unknown,B,False
K88N,rpsL,93,0.2689,0,0,0,0,0,,unknown,C,False
I95N,inhA,97,0.2658,0,0,0,0,0,,INH,C,False
K43N,rpsL,98,0.2655,0,0,0,0,0,,unknown,C,False
H445N,rpoB,100,0.2645,56,56,19,37,0,0.3392857142857143,RIF,B,False
H445P,rpoB,101,0.2634,4,4,4,0,0,1.0,RIF,B,False
G406R,embB,102,0.2625,0,0,0,0,0,,EMB,C,False
S315R,katG,103,0.2582,2,2,1,1,0,0.5,INH,B,False
Q10H,pncA,108,0.2574,2,0,0,0,2,,unknown,B,False
I16S,inhA,106,0.2574,0,0,0,0,0,,INH,C,False
D435E,rpoB,109,0.2569,2,2,2,0,0,1.0,RIF,B,False
M103R,inhA,111,0.2559,0,0,0,0,0,,INH,C,False
H445D,rpoB,112,0.2536,209,209,202,7,0,0.9665071770334929,RIF,A,True
M103K,inhA,113,0.2522,0,0,0,0,0,,INH,C,False
Q497E,embB,114,0.2513,1,1,0,1,0,0.0,EMB,B,False
S94T,inhA,115,0.2501,0,0,0,0,0,,INH,C,False
D435H,rpoB,116,0.2499,1,1,1,0,0,1.0,RIF,B,False
Q497P,embB,117,0.2481,26,17,15,2,9,0.8823529411764706,EMB,B,False
A90G,gyrA,118,0.248,0,0,0,0,0,,MXF,C,False
D12H,pncA,119,0.2475,0,0,0,0,0,,unknown,C,False
H445Q,rpoB,120,0.2465,10,10,9,1,0,0.9,RIF,B,False
Q497K,embB,122,0.2443,71,51,43,8,20,0.8431372549019608,EMB,B,False
S450T,rpoB,123,0.2436,0,0,0,0,0,,RIF,C,False
I491N,rpoB,124,0.2399,0,0,0,0,0,,RIF,C,False
A90P,gyrA,125,0.2385,0,0,0,0,0,,MXF,C,False
I194S,inhA,126,0.2378,0,0,0,0,0,,INH,C,False
D12E,pncA,127,0.2371,0,0,0,0,0,,unknown,C,False
I21S,inhA,129,0.236,0,0,0,0,0,,INH,C,False
V170D,rpoB,130,0.2358,0,0,0,0,0,,RIF,C,False
Q538L,gyrB,131,0.2337,0,0,0,0,0,,MXF,C,False
L452R,rpoB,132,0.2331,0,0,0,0,0,,RIF,C,False
S315T,katG,133,0.2325,4683,4653,4576,77,30,0.983451536643026,INH,A,True
P99R,inhA,134,0.2304,0,0,0,0,0,,INH,C,False
Q497H,embB,135,0.2302,7,6,3,3,1,0.5,EMB,B,False
I16M,inhA,138,0.2288,0,0,0,0,0,,INH,C,False
I95S,inhA,137,0.2288,0,0,0,0,0,,INH,C,False
I16L,inhA,139,0.2285,0,0,0,0,0,,INH,C,False
P483R,rpoB,140,0.2265,0,0,0,0,0,,RIF,C,False
L430M,rpoB,141,0.2253,0,0,0,0,0,,RIF,C,False
G88R,gyrA,142,0.2224,0,0,0,0,0,,MXF,C,False
L4W,pncA,143,0.2203,13,0,0,0,13,,unknown,B,False
P483H,rpoB,144,0.2202,0,0,0,0,0,,RIF,C,False
V59L,eis,145,0.2186,0,0,0,0,0,,KAN,C,False
L430Q,rpoB,146,0.2186,0,0,0,0,0,,RIF,C,False
V125L,pncA,147,0.218,0,0,0,0,0,,unknown,C,False
D12Y,pncA,148,0.2171,1,0,0,0,1,,unknown,B,False
Q538E,gyrB,149,0.2153,0,0,0,0,0,,MXF,C,False
P99Q,inhA,150,0.2145,0,0,0,0,0,,INH,C,False
I16F,inhA,151,0.2139,0,0,0,0,0,,INH,C,False
D435Y,rpoB,152,0.2129,137,137,112,25,0,0.8175182481751825,RIF,A,True
Q538P,gyrB,153,0.2125,0,0,0,0,0,,MXF,C,False
I194M,inhA,154,0.2113,0,0,0,0,0,,INH,C,False
G406A,embB,155,0.2113,190,101,65,36,89,0.6435643564356436,EMB,A,True
I194L,inhA,156,0.211,0,0,0,0,0,,INH,C,False
L430V,rpoB,157,0.2109,0,0,0,0,0,,RIF,C,False
P483T,rpoB,158,0.2104,0,0,0,0,0,,RIF,C,False
M103L,inhA,159,0.21,0,0,0,0,0,,INH,C,False
G406C,embB,161,0.2099,17,11,8,3,6,0.7272727272727273,EMB,B,False
I21M,inhA,162,0.2098,0,0,0,0,0,,INH,C,False
I21L,inhA,163,0.2096,0,0,0,0,0,,INH,C,False
Q538K,gyrB,164,0.2093,0,0,0,0,0,,MXF,C,False
I491L,rpoB,165,0.2089,20,20,20,0,0,1.0,RIF,B,False
I491S,rpoB,166,0.2087,1,1,0,1,0,0.0,RIF,B,False
L4M,pncA,167,0.2083,0,0,0,0,0,,unknown,C,False
P99T,inhA,168,0.2067,0,0,0,0,0,,INH,C,False
S94W,inhA,169,0.2061,0,0,0,0,0,,INH,C,False
S91A,gyrA,170,0.206,0,0,0,0,0,,MXF,C,False
V59G,eis,171,0.206,0,0,0,0,0,,KAN,C,False
V125G,pncA,172,0.2054,1,0,0,0,1,,unknown,A,True
V59F,eis,173,0.2036,0,0,0,0,0,,KAN,C,False
I95M,inhA,176,0.2034,0,0,0,0,0,,INH,C,False
I95L,inhA,177,0.2031,0,0,0,0,0,,INH,C,False
V125F,pncA,178,0.203,11,0,0,0,11,,unknown,B,False
I491M,rpoB,179,0.202,9,9,6,3,0,0.6666666666666666,RIF,B,False
G88A,gyrA,180,0.2004,8,8,1,7,0,0.125,MXF,B,False
L452M,rpoB,181,0.1995,0,0,0,0,0,,RIF,C,False
I194F,inhA,182,0.1976,0,0,0,0,0,,INH,C,False
Q538H,gyrB,183,0.1972,0,0,0,0,0,,MXF,C,False
G406V,embB,185,0.1967,1,1,1,0,0,1.0,EMB,B,False
I21F,inhA,186,0.1961,0,0,0,0,0,,INH,C,False
V203L,inhA,187,0.193,0,0,0,0,0,,INH,C,False
L4V,pncA,188,0.1927,0,0,0,0,0,,unknown,C,False
P483A,rpoB,189,0.191,0,0,0,0,0,,RIF,C,False
S450W,rpoB,190,0.1906,59,59,56,3,0,0.9491525423728814,RIF,A,True
P99A,inhA,191,0.1903,0,0,0,0,0,,INH,C,False
S315C,katG,192,0.1902,0,0,0,0,0,,INH,C,False
I95F,inhA,193,0.1901,0,0,0,0,0,,INH,C,False
D94V,gyrA,194,0.1891,1,1,0,1,0,0.0,MXF,B,False
I491F,rpoB,195,0.1889,60,60,41,19,0,0.6833333333333333,RIF,A,True
L452V,rpoB,196,0.1873,1,1,1,0,0,1.0,RIF,B,False
D94E,gyrA,197,0.1869,0,0,0,0,0,,MXF,C,False
L452Q,rpoB,199,0.1857,1,1,0,1,0,0.0,RIF,B,False
L4F,pncA,200,0.185,0,0,0,0,0,,unknown,C,False
V170L,rpoB,202,0.1836,0,0,0,0,0,,RIF,C,False
V203G,inhA,203,0.1817,0,0,0,0,0,,INH,C,False
S91T,gyrA,204,0.1815,0,0,0,0,0,,MXF,C,False
V203F,inhA,205,0.1797,0,0,0,0,0,,INH,C,False
G88C,gyrA,206,0.1793,24,24,21,3,0,0.875,MXF,B,False
G88V,gyrA,207,0.1669,0,0,0,0,0,,MXF,C,False
V170F,rpoB,208,0.1625,27,27,27,0,0,1.0,RIF,A,True
D94H,gyrA,209,0.1582,44,44,34,10,0,0.7727272727272727,MXF,B,False
D94A,gyrA,210,0.1531,147,147,87,60,0,0.5918367346938775,MXF,B,False
H57Y,pncA,211,0.1498,7,0,0,0,7,,unknown,B,False
V170G,rpoB,212,0.1463,0,0,0,0,0,,RIF,C,False
S91W,gyrA,213,0.1371,0,0,0,0,0,,MXF,C,False
H57R,pncA,214,0.1332,19,0,0,0,19,,unknown,B,False
D94Y,gyrA,215,0.1258,76,76,64,12,0,0.8421052631578947,MXF,A,True
F13S,pncA,216,0.122,5,0,0,0,5,,unknown,B,False
F13L,pncA,217,0.111,0,0,0,0,0,,unknown,C,False
V58M,eis,218,0.1088,0,0,0,0,0,,KAN,C,False
V58A,eis,219,0.1071,0,0,0,0,0,,KAN,C,False
H57L,pncA,220,0.1046,6,0,0,0,6,,unknown,B,False
V49I,embB,221,0.0983,0,0,0,0,0,,EMB,C,False
I16T,mmpR5,222,0.0956,0,0,0,0,0,,BDQ,C,False
V49A,embB,223,0.0942,0,0,0,0,0,,EMB,C,False
I125T,eis,224,0.0941,0,0,0,0,0,,KAN,C,False
Q432R,rpoB,225,0.0911,0,0,0,0,0,,RIF,C,False
I16V,mmpR5,226,0.0905,0,0,0,0,0,,BDQ,C,False
I125V,eis,227,0.0891,0,0,0,0,0,,KAN,C,False
V58E,eis,228,0.0872,0,0,0,0,0,,KAN,C,False
H57P,pncA,229,0.0842,7,0,0,0,7,,unknown,B,False
F13Y,pncA,230,0.0839,0,0,0,0,0,,unknown,C,False
H57N,pncA,231,0.0807,0,0,0,0,0,,unknown,C,False
H57D,pncA,232,0.08,17,0,0,0,17,,unknown,B,False
V49D,embB,233,0.0769,0,0,0,0,0,,EMB,C,False
H57Q,pncA,234,0.0756,4,0,0,0,4,,unknown,B,False
I16N,mmpR5,236,0.0635,0,0,0,0,0,,BDQ,C,False
I125N,eis,237,0.0624,0,0,0,0,0,,KAN,C,False
S297L,embB,238,0.0604,0,0,0,0,0,,EMB,C,False
F13I,pncA,239,0.0601,1,0,0,0,1,,unknown,B,False
S297P,embB,240,0.0599,0,0,0,0,0,,EMB,C,False
V58L,eis,243,0.0573,0,0,0,0,0,,KAN,C,False
F13C,pncA,245,0.0572,1,0,0,0,1,,unknown,B,False
F13V,pncA,246,0.0572,4,0,0,0,4,,unknown,B,False
I16S,mmpR5,247,0.0546,0,0,0,0,0,,BDQ,C,False
V58G,eis,248,0.054,0,0,0,0,0,,KAN,C,False
I125S,eis,249,0.0538,0,0,0,0,0,,KAN,C,False
Q432L,rpoB,250,0.053,14,14,13,1,0,0.9285714285714286,RIF,B,False
Q432E,rpoB,251,0.0519,1,1,1,0,0,1.0,RIF,B,False
V49L,embB,252,0.0504,0,0,0,0,0,,EMB,C,False
Q432K,rpoB,253,0.05,14,14,14,0,0,1.0,RIF,B,False
Q432P,rpoB,254,0.0499,17,17,16,1,0,0.9411764705882353,RIF,B,False
I16M,mmpR5,255,0.0485,0,0,0,0,0,,BDQ,C,False
I16L,mmpR5,256,0.0485,0,0,0,0,0,,BDQ,C,False
I125M,eis,257,0.0478,0,0,0,0,0,,KAN,C,False
I125L,eis,258,0.0477,0,0,0,0,0,,KAN,C,False
V49G,embB,259,0.0475,0,0,0,0,0,,EMB,C,False
Q432H,rpoB,261,0.047,4,4,4,0,0,1.0,RIF,B,False
V49F,embB,262,0.0469,0,0,0,0,0,,EMB,C,False
I16F,mmpR5,263,0.0454,0,0,0,0,0,,BDQ,C,False
I125F,eis,264,0.0447,0,0,0,0,0,,KAN,C,False
I202T,inhA,265,0.0443,0,0,0,0,0,,INH,C,False
I6T,pncA,266,0.0442,8,0,0,0,8,,unknown,B,False
I202V,inhA,267,0.0419,0,0,0,0,0,,INH,C,False
I6V,pncA,268,0.0418,4,0,0,0,4,,unknown,B,False
S67L,pncA,269,0.0405,1,0,0,0,1,,unknown,B,False
S67P,pncA,270,0.0391,25,0,0,0,25,,unknown,B,False
S297A,embB,271,0.0365,28,19,2,17,9,0.10526315789473684,EMB,B,False
N296D,embB,272,0.0346,0,0,0,0,0,,EMB,C,False
N296S,embB,273,0.0342,0,0,0,0,0,,EMB,C,False
I407T,embB,274,0.0332,0,0,0,0,0,,EMB,C,False
G97D,pncA,275,0.0317,36,0,0,0,36,,unknown,B,False
I407V,embB,276,0.0314,0,0,0,0,0,,EMB,C,False
S297T,embB,277,0.031,0,0,0,0,0,,EMB,C,False
I105T,inhA,278,0.0302,0,0,0,0,0,,INH,C,False
G97S,pncA,279,0.0298,1,0,0,0,1,,unknown,B,False
I202N,inhA,280,0.0294,0,0,0,0,0,,INH,C,False
I6N,pncA,281,0.0293,0,0,0,0,0,,unknown,C,False
I105V,inhA,282,0.0286,0,0,0,0,0,,INH,C,False
V78M,inhA,283,0.0268,0,0,0,0,0,,INH,C,False
V78A,inhA,284,0.0263,6,6,0,6,0,0.0,INH,B,False
V493M,embB,285,0.0261,2,1,1,0,1,1.0,EMB,B,False
V493A,embB,286,0.0257,0,0,0,0,0,,EMB,C,False
I202S,inhA,287,0.0253,0,0,0,0,0,,INH,C,False
I6S,pncA,288,0.0252,0,0,0,0,0,,unknown,C,False
S67A,pncA,289,0.0246,0,0,0,0,0,,unknown,C,False
S297W,embB,290,0.0245,0,0,0,0,0,,EMB,C,False
V87M,eis,291,0.023,0,0,0,0,0,,KAN,C,False
V87A,eis,292,0.0226,0,0,0,0,0,,KAN,C,False
I202M,inhA,293,0.0225,0,0,0,0,0,,INH,C,False
I202L,inhA,294,0.0225,0,0,0,0,0,,INH,C,False
I6M,pncA,295,0.0224,0,0,0,0,0,,unknown,C,False
I6L,pncA,296,0.0224,0,0,0,0,0,,unknown,C,False
I407N,embB,297,0.0221,0,0,0,0,0,,EMB,C,False
N296I,embB,298,0.0212,0,0,0,0,0,,EMB,C,False
I202F,inhA,299,0.021,0,0,0,0,0,,INH,C,False
I6F,pncA,300,0.021,0,0,0,0,0,,unknown,C,False
V493E,embB,301,0.0209,0,0,0,0,0,,EMB,C,False
S67T,pncA,302,0.0202,0,0,0,0,0,,unknown,C,False
I105N,inhA,303,0.0201,0,0,0,0,0,,INH,C,False
V78E,inhA,304,0.0194,0,0,0,0,0,,INH,C,False
I407S,embB,305,0.019,0,0,0,0,0,,EMB,C,False
N296H,embB,306,0.019,17,10,3,7,7,0.3,EMB,B,False
G97R,pncA,307,0.0189,0,0,0,0,0,,unknown,C,False
V87E,eis,308,0.0184,0,0,0,0,0,,KAN,C,False
N296K,embB,309,0.018,0,0,0,0,0,,EMB,C,False
I105S,inhA,311,0.0173,0,0,0,0,0,,INH,C,False
N296T,embB,312,0.017,0,0,0,0,0,,EMB,C,False
I407L,embB,314,0.0169,0,0,0,0,0,,EMB,C,False
I407M,embB,313,0.0169,0,0,0,0,0,,EMB,C,False
S67W,pncA,315,0.0166,1,0,0,0,1,,unknown,B,False
I407F,embB,316,0.0158,0,0,0,0,0,,EMB,C,False
I105M,inhA,317,0.0154,0,0,0,0,0,,INH,C,False
I105L,inhA,318,0.0153,0,0,0,0,0,,INH,C,False
G97A,pncA,319,0.0152,0,0,0,0,0,,unknown,C,False
N296Y,embB,320,0.0151,2,1,1,0,1,1.0,EMB,B,False
G97C,pncA,321,0.0151,5,0,0,0,5,,unknown,B,False
I105F,inhA,322,0.0144,0,0,0,0,0,,INH,C,False
G97V,pncA,323,0.0141,2,0,0,0,2,,unknown,B,False
V78L,inhA,325,0.014,0,0,0,0,0,,INH,C,False
V493L,embB,326,0.0137,0,0,0,0,0,,EMB,C,False
V493G,embB,328,0.0129,0,0,0,0,0,,EMB,C,False
V87L,eis,329,0.0121,0,0,0,0,0,,KAN,C,False
V78G,inhA,331,0.012,0,0,0,0,0,,INH,C,False
V87G,eis,332,0.0114,0,0,0,0,0,,KAN,C,False
